No,Equipment ID,Equipment Name,Purpose,Shape Family,Asset ID,Asset Name,USD Path,Match Grade,Connection Status,Model Accuracy,Evidence,Notes,Existing Recommended Asset,Existing Connected Asset,Manufacturer,Model
1,casting_machine,주조기,금속 용탕의 금형 충전·응고·개방,수평 타이바·형체부·전장함이 함께 있는 셀. 금형 부품 U00030 하나를 본체로 볼 수 없다.,,,,NO_MATCH,UNASSIGNED,UNKNOWN,EQUIPMENT_MASTER:/opt/Resonance/projects/P006/frontend/equipment-master.json; DB_SCENARIO_CODE:woosu_digital_twin.dt_simulation_scenario; REPRESENTATIVE_RENDER_VISUALLY_REVIEWED:/opt/Resonance/projects/P006/frontend/equipment/casting-machine.jpg; PRIOR_DIMENSION_RECORD_NOT_REAUDITED:/home/sjkim/OmniverseProjects/equipment-dimension-profiles.json,대표 이미지는 수평 형체·사출 구조인데 724종 독립 목록에는 해당 다이캐스팅 본체가 없다. E012는 현재 독립 목록 밖의 불완전 기반 부품이다.,,,,
2,holding_furnace,보온로,주조 직전 용탕 온도 유지,원통 용기·측면 파란 도어·상부/측면 부속이 있는 보온로. E005 대형 용해로의 승강/덕트 구조와 다르다.,,,,NO_MATCH,UNASSIGNED,UNKNOWN,EQUIPMENT_MASTER:/opt/Resonance/projects/P006/frontend/equipment-master.json; DB_SCENARIO_CODE:woosu_digital_twin.dt_simulation_scenario; REPRESENTATIVE_RENDER_VISUALLY_REVIEWED:/opt/Resonance/projects/P006/frontend/equipment/holding-furnace.jpg; PRIOR_DIMENSION_RECORD_NOT_REAUDITED:/home/sjkim/OmniverseProjects/equipment-dimension-profiles.json,독립 724종에 해당 보온로 전체 자산이 없다. 용해로를 단순 축소해서 보온로로 연결하지 않는다.,,,,
3,turntable_furnace,턴테이블로,다중 포트 회전식 용탕 공급,원형 하부와 2개 개구부. E079 회전 이송 테이블에는 로체/용탕 용기가 없다.,,,,NO_MATCH,UNASSIGNED,UNKNOWN,EQUIPMENT_MASTER:/opt/Resonance/projects/P006/frontend/equipment-master.json; DB_SCENARIO_CODE:woosu_digital_twin.dt_simulation_scenario; REPRESENTATIVE_RENDER_VISUALLY_REVIEWED:/opt/Resonance/projects/P006/frontend/equipment/turntable-furnace.jpg; PRIOR_DIMENSION_RECORD_NOT_REAUDITED:/home/sjkim/OmniverseProjects/equipment-dimension-profiles.json,800kg 2port 도면 기록은 있으나 724종에 원형 2포트 턴테이블로의 독립 형상이 없다.,,,,
4,trimming_machine,트리밍,주조품의 게이트/플래시 절단,원장 이미지: 넓은 노란 가드·전면 문·제어판. E001: 개방형 수직 실린더/기둥·하부 프레임.,,,,BLOCKED,UNASSIGNED,UNKNOWN,EQUIPMENT_MASTER:/opt/Resonance/projects/P006/frontend/equipment-master.json; DB_SCENARIO_CODE:woosu_digital_twin.dt_simulation_scenario; REPRESENTATIVE_RENDER_VISUALLY_REVIEWED:/opt/Resonance/projects/P006/frontend/equipment/trimming-machine.jpg; PRIOR_DIMENSION_RECORD_NOT_REAUDITED:/home/sjkim/OmniverseProjects/equipment-dimension-profiles.json,"E001의 명칭/용도는 트리밍이나 대표 이미지의 가드형 프레스와 외형 차이가 있고, E001 렌더는 별도 펀칭 프레스 이미지와 더 유사하다. 이름으로 자동 연결하지 않는다.",,,,
5,cooling_unit,냉각장비,설비 냉각 회로 지원; 작업물 냉각과 구분 필요,원장: 복수 캐비닛·그릴·경광등. E006: 개방 용기와 상부 적층 형상.,,,,BLOCKED,UNASSIGNED,UNKNOWN,EQUIPMENT_MASTER:/opt/Resonance/projects/P006/frontend/equipment-master.json; DB_SCENARIO_CODE:woosu_digital_twin.dt_simulation_scenario; REPRESENTATIVE_RENDER_VISUALLY_REVIEWED:/opt/Resonance/projects/P006/frontend/equipment/cooling-unit.jpg; PRIOR_DIMENSION_RECORD_NOT_REAUDITED:/home/sjkim/OmniverseProjects/equipment-dimension-profiles.json,E006 이름은 냉각장치지만 원장 이미지의 캐비닛/그릴/조작면과 렌더의 개방 탱크·상부 구조가 다르다. 동일 설비 증거가 부족하다.,,,,
6,robot_panel,로봇 제어반,로봇 구동/제어 전장,3개 패널·다수 버튼·하부 케이블. 단일 분전함의 외관 유사성만으로 대체 금지.,,,,NO_MATCH,UNASSIGNED,UNKNOWN,EQUIPMENT_MASTER:/opt/Resonance/projects/P006/frontend/equipment-master.json; DB_SCENARIO_CODE:woosu_digital_twin.dt_simulation_scenario; REPRESENTATIVE_RENDER_VISUALLY_REVIEWED:/opt/Resonance/projects/P006/frontend/equipment/robot-panel.jpg; PRIOR_DIMENSION_RECORD_NOT_REAUDITED:/home/sjkim/OmniverseProjects/equipment-dimension-profiles.json,복수 로봇 제어반에 맞는 독립 조립체가 724종에 없다. 일반 분전함과 모터 제어센터는 제어 역할이 다르다.,,,,
7,spray_ladler,스프레이 로봇·래들,이형제 분사와 용탕 주입의 서로 다른 2역할,원장 대표 이미지에 다관절 로봇과 주입 장치가 함께 존재. E003 하나로 묶음 전체를 표현할 수 없다.,,,,BLOCKED,UNASSIGNED,UNKNOWN,EQUIPMENT_MASTER:/opt/Resonance/projects/P006/frontend/equipment-master.json; DB_SCENARIO_CODE:woosu_digital_twin.dt_simulation_scenario; REPRESENTATIVE_RENDER_VISUALLY_REVIEWED:/opt/Resonance/projects/P006/frontend/equipment/spray-ladler.jpg; PRIOR_DIMENSION_RECORD_NOT_REAUDITED:/home/sjkim/OmniverseProjects/equipment-dimension-profiles.json,원장이 스프레이/래들을 한 코드로 묶었다. E003와 E002는 각각 후보이나 전체 셀 배치·상호 간섭·두 역할 분리 근거 없이 한 USD로 확정할 수 없다.,,,,
8,release_agent,이형제 장치,이형제 압송·공급,2개 파란 펌프·수직 용기·흰 외함·제어부. 접착제 도포 로봇과 구분.,,,,NO_MATCH,UNASSIGNED,UNKNOWN,EQUIPMENT_MASTER:/opt/Resonance/projects/P006/frontend/equipment-master.json; DB_SCENARIO_CODE:woosu_digital_twin.dt_simulation_scenario; REPRESENTATIVE_RENDER_VISUALLY_REVIEWED:/opt/Resonance/projects/P006/frontend/equipment/release-agent.jpg; PRIOR_DIMENSION_RECORD_NOT_REAUDITED:/home/sjkim/OmniverseProjects/equipment-dimension-profiles.json,DAMP200 압송 장치 기록과 대표 형상에 직접 대응하는 독립 조립체가 없다. 액상 공급 스키드는 구성 후보이지 그대로 대응되는 장비가 아니다.,,,,
9,main_panel,전체 제어반,셀 전체 전장·제어 통합,작은 조작반과 대형 전장함이 함께 있는 분산 묶음.,,,,NO_MATCH,UNASSIGNED,UNKNOWN,EQUIPMENT_MASTER:/opt/Resonance/projects/P006/frontend/equipment-master.json; DB_SCENARIO_CODE:woosu_digital_twin.dt_simulation_scenario; REPRESENTATIVE_RENDER_VISUALLY_REVIEWED:/opt/Resonance/projects/P006/frontend/equipment/main-panel.jpg; PRIOR_DIMENSION_RECORD_NOT_REAUDITED:/home/sjkim/OmniverseProjects/equipment-dimension-profiles.json,원장 이미지는 셀 주변 여러 전장함의 묶음이다. 개별 분전함/MCC를 전체 제어반으로 연결하면 제어 범위가 바뀐다.,,,,
10,vacuum_unit,진공장치,금형 내부 기체 배출 지원,원장: 캐비닛 내부 다수 장치. E194: 펌프/모터 베이스. 외함/저장부 미표현.,E194,진공 펌프 패키지,/home/sjkim/OmniverseProjects/assets/catalog/E194.usda,REFERENCE_MATCH,CANDIDATE,EXISTING,EQUIPMENT_MASTER:/opt/Resonance/projects/P006/frontend/equipment-master.json; DB_SCENARIO_CODE:woosu_digital_twin.dt_simulation_scenario; REPRESENTATIVE_RENDER_VISUALLY_REVIEWED:/opt/Resonance/projects/P006/frontend/equipment/vacuum-unit.jpg; PRIOR_DIMENSION_RECORD_NOT_REAUDITED:/home/sjkim/OmniverseProjects/equipment-dimension-profiles.json; USD_RENDER_VISUALLY_REVIEWED:/opt/Resonance/projects/P006/frontend/visual-catalog/images/E194.png,진공 생성 패키지라는 용도는 일치한다. E194는 펌프·모터 기준 형상으로 원장 캐비닛 전체와는 다르므로 기준 표현에만 연결한다.,E194,E194,,
11,casting_filter,주조기 필터,여과 대상 매체 미확정,주조기 측면의 모터/배관/외함 일부만 보인다.,,,,BLOCKED,UNASSIGNED,UNKNOWN,EQUIPMENT_MASTER:/opt/Resonance/projects/P006/frontend/equipment-master.json; DB_SCENARIO_CODE:woosu_digital_twin.dt_simulation_scenario; REPRESENTATIVE_RENDER_VISUALLY_REVIEWED:/opt/Resonance/projects/P006/frontend/equipment/casting-filter.jpg; PRIOR_DIMENSION_RECORD_NOT_REAUDITED:/home/sjkim/OmniverseProjects/equipment-dimension-profiles.json,사진에 하부 모터/배관과 보조 구조가 보이지만 유압유·냉각수·용탕 중 어느 매체인지 불명확하다. N098 용탕 여과로 추정 연결하지 않는다.,,,,
12,melting_furnace,용해로,원료 가열·용탕 생성,"공통 핵심 구성: 로체, 측면 승강부, 상부 덕트, 난간. 주변 보조부/배치 범위는 차이 있음.",E005,용해로/가열로,/home/sjkim/OmniverseProjects/assets/catalog/E005.usda,CLOSE_MATCH,CANDIDATE,EXISTING,EQUIPMENT_MASTER:/opt/Resonance/projects/P006/frontend/equipment-master.json; DB_SCENARIO_CODE:woosu_digital_twin.dt_simulation_scenario; REPRESENTATIVE_RENDER_VISUALLY_REVIEWED:/opt/Resonance/projects/P006/frontend/equipment/melting-furnace.jpg; PRIOR_DIMENSION_RECORD_NOT_REAUDITED:/home/sjkim/OmniverseProjects/equipment-dimension-profiles.json; USD_RENDER_VISUALLY_REVIEWED:/opt/Resonance/projects/P006/frontend/visual-catalog/images/E005.png,원장 이미지와 E005 모두 대형 로체·승강 구조·상부 덕트·작업 발판이 확인된다. 도면 기록과 모델 치수/부속 배치가 달라 직접 일치로 승격하지 않는다.,E005,E005,,
13,takeout_robot,취출 로봇,개방 금형에서 주조품 취출·인계,"팔 관절/베이스 공통, 지지대 높이와 EOAT 구성/자세는 차이.",E004,취출 로봇,/home/sjkim/OmniverseProjects/assets/catalog/E004.usda,CLOSE_MATCH,CANDIDATE,EXISTING,EQUIPMENT_MASTER:/opt/Resonance/projects/P006/frontend/equipment-master.json; DB_SCENARIO_CODE:woosu_digital_twin.dt_simulation_scenario; REPRESENTATIVE_RENDER_VISUALLY_REVIEWED:/opt/Resonance/projects/P006/frontend/equipment/takeout-robot.jpg; PRIOR_DIMENSION_RECORD_NOT_REAUDITED:/home/sjkim/OmniverseProjects/equipment-dimension-profiles.json; USD_RENDER_VISUALLY_REVIEWED:/opt/Resonance/projects/P006/frontend/visual-catalog/images/E004.png,원장과 E004에 다관절 로봇 팔 및 취출 역할이 대응한다. 원장에는 높은 지지 프레임이 있고 E004 렌더에는 낮은 베이스/다른 말단 자세가 있어 수정이 필요하다.,E004,E004,,
14,punching_press,펀칭 프레스,주조품 펀칭/프레스 가공,원장 펀칭 프레스와 E001의 개방 수직 프레임 구성이 유사. 도어/색/치구와 치수는 차이.,E001,트리밍 장비,/home/sjkim/OmniverseProjects/assets/catalog/E001.usda,CLOSE_MATCH,CANDIDATE,EXISTING,EQUIPMENT_MASTER:/opt/Resonance/projects/P006/frontend/equipment-master.json; DB_SCENARIO_CODE:woosu_digital_twin.dt_simulation_scenario; REPRESENTATIVE_RENDER_VISUALLY_REVIEWED:/opt/Resonance/projects/P006/frontend/equipment/punching-press.jpg; PRIOR_DIMENSION_RECORD_NOT_REAUDITED:/home/sjkim/OmniverseProjects/equipment-dimension-profiles.json; USD_RENDER_VISUALLY_REVIEWED:/opt/Resonance/projects/P006/frontend/visual-catalog/images/E001.png,이름만 보면 트리밍 E001이나 대표 이미지와 비교하면 수직 실린더·다주 가이드·가공 테이블·하부 프레임이 펀칭 프레스와 더 유사하다. 명칭 충돌은 그대로 경고하며 수정 전 확정하지 않는다.,E001,E001,,
15,ladler,래들러,보온로의 용탕을 계량·주입,고정 기둥 및 상부 주입 기구는 공통. 국자·구동부 형상/자세는 미일치.,E002,주탕 로봇,/home/sjkim/OmniverseProjects/assets/catalog/E002.usda,REFERENCE_MATCH,CANDIDATE,EXISTING,EQUIPMENT_MASTER:/opt/Resonance/projects/P006/frontend/equipment-master.json; DB_SCENARIO_CODE:woosu_digital_twin.dt_simulation_scenario; REPRESENTATIVE_RENDER_VISUALLY_REVIEWED:/opt/Resonance/projects/P006/frontend/equipment/ladler.jpg; PRIOR_DIMENSION_RECORD_NOT_REAUDITED:/home/sjkim/OmniverseProjects/equipment-dimension-profiles.json; USD_RENDER_VISUALLY_REVIEWED:/opt/Resonance/projects/P006/frontend/visual-catalog/images/E002.png,고정 기둥·주입 구동부의 구조와 주탕 역할은 대응한다. 대표 이미지의 노란/주황 기구와 E002 흰 외함·말단 형상 및 치수는 달라 기준 표현으로 한정한다.,E002,E002,,
16,mold_cooling,금형 고압냉각장비,금형 국소 고압 냉각,원장: 가느다란 수직 캐비닛·다수 전면 포트/조작부. N109: 탱크 2개·펌프가 있는 스키드.,,,,BLOCKED,UNASSIGNED,UNKNOWN,EQUIPMENT_MASTER:/opt/Resonance/projects/P006/frontend/equipment-master.json; DB_SCENARIO_CODE:woosu_digital_twin.dt_simulation_scenario; REPRESENTATIVE_RENDER_VISUALLY_REVIEWED:/opt/Resonance/projects/P006/frontend/equipment/mold-cooling.jpg; PRIOR_DIMENSION_RECORD_NOT_REAUDITED:/home/sjkim/OmniverseProjects/equipment-dimension-profiles.json,N109는 순환 금형 온도조절 기준 형상이며 고압 냉각 방식/압력/포트를 입증하지 않는다. 이름의 금형·냉각만으로 같은 장비로 연결하지 않는다.,,,,
